City_Name,Zipcode,Positive_Cases,Total_Tested,black_population,commuters_by_public_transportation,county,employed_arts_entertainment_recreation_accommodation_food,employed_education_health_social,employed_pop,employed_transportation_warehousing_utilities,geo_id,hispanic_pop,percent_income_spent_on_rent,poverty,total_pop,white_pop,Tests_per_1000people,Positives_per_1000people
New York,11697,86,228,21,182,"Bronx County, Kings County, New York County, Queens County, Richmond County",92,421,1510,136,11697,229,,110,3540,3243,64.40677966,24.29378531
New York,10282,64,197,45,1298,"Bronx County, Kings County, New York County, Queens County, Richmond County",178,209,2895,13,10282,424,15.5,190,5593,3745,35.22259968,11.44287502
New York,10022,312,1278,373,7631,"Bronx County, Kings County, New York County, Queens County, Richmond County",1353,3735,19791,245,10022,1686,24,1149,31125,24521,41.06024096,10.02409639
New York,10024,596,2217,1731,23107,"Bronx County, Kings County, New York County, Queens County, Richmond County",2682,8302,34684,274,10024,6420,24,4197,59001,45305,37.57563431,10.1015237
New York,10023,512,2062,2348,19883,"Bronx County, Kings County, New York County, Queens County, Richmond County",2933,7468,35596,333,10023,6562,24,5014,62435,45242,33.0263474,8.20052855
New York,11231,378,1102,4606,12221,"Bronx County, Kings County, New York County, Queens County, Richmond County",1834,3838,20101,511,11231,7047,25,5799,37845,21942,29.11877395,9.988109394
New York,10069,49,198,148,1767,"Bronx County, Kings County, New York County, Queens County, Richmond County",110,682,2880,0,10069,57,27,522,5085,3123,38.9380531,9.636184857
New York,11379,745,1945,324,7929,"Bronx County, Kings County, New York County, Queens County, Richmond County",1410,4915,18800,1413,11379,7621,28,3167,37851,25050,51.38569655,19.68243904
New York,10035,853,2108,13227,9921,"Bronx County, Kings County, New York County, Queens County, Richmond County",2349,3965,13896,681,10035,15935,30,13064,35743,3638,58.97658283,23.86481269
New York,11239,463,1110,7778,2726,"Bronx County, Kings County, New York County, Queens County, Richmond County",327,1747,4887,431,11239,2507,31,3765,13244,2487,83.8115373,34.95922682
New York,11414,763,1709,518,3574,"Bronx County, Kings County, New York County, Queens County, Richmond County",1220,3810,13174,991,11414,6513,34,3370,29219,19824,58.48933913,26.11314556
New York,10466,2174,5033,50054,15562,"Bronx County, Kings County, New York County, Queens County, Richmond County",2415,13173,32677,2469,10466,15971,36,14086,72479,2074,69.44080354,29.99489507
New York,11203,1877,4304,65073,20595,"Bronx County, Kings County, New York County, Queens County, Richmond County",1910,13563,34893,3191,11203,4846,36,12075,75451,2881,57.04364422,24.87707254
New York,11220,1383,3288,1557,26314,"Bronx County, Kings County, New York County, Queens County, Richmond County",10239,8647,44540,2201,11220,39840,36,27959,95643,13452,34.3778426,14.46002321
New York,11435,1488,3457,13287,17150,"Bronx County, Kings County, New York County, Queens County, Richmond County",3598,7207,29557,3008,11435,18428,32.5,9220,59296,6737,58.30072855,25.09444145
New York,10301,1075,2799,8200,6896,"Bronx County, Kings County, New York County, Queens County, Richmond County",1446,5300,16648,674,10301,9591,32.5,8477,38733,16456,72.26396096,27.75411148
New York,11230,2081,5173,6138,18000,"Bronx County, Kings County, New York County, Queens County, Richmond County",2842,12407,36628,2785,11230,9119,38.5,20276,89075,58782,58.07465619,23.36233511
New York,10474,301,725,4229,2279,"Bronx County, Kings County, New York County, Queens County, Richmond County",384,1278,4063,193,10474,7688,44.5,4820,12127,147,59.78395316,24.82064814
New York,10007,48,244,294,2112,"Bronx County, Kings County, New York County, Queens County, Richmond County",265,496,3813,0,10007,580,20.5,145,7023,5056,34.74298733,6.834686032
New York,10018,196,626,432,2948,"Bronx County, Kings County, New York County, Queens County, Richmond County",589,970,6657,52,10018,1471,26.5,1490,9687,4611,64.6226902,20.23330236
New York,11101,564,1712,4350,11850,"Bronx County, Kings County, New York County, Queens County, Richmond County",2194,3219,16416,914,11101,7908,27.5,5497,30043,9746,56.98498818,18.7730919
New York,10075,348,1217,677,6750,"Bronx County, Kings County, New York County, Queens County, Richmond County",479,2313,12451,81,10075,3070,29.5,1075,21556,16362,56.45759881,16.14399703
New York,11692,540,1211,11961,3718,"Bronx County, Kings County, New York County, Queens County, Richmond County",722,2513,7847,641,11692,5122,30.5,5135,20991,2093,57.69139155,25.72531085
New York,11411,634,1369,18790,3945,"Bronx County, Kings County, New York County, Queens County, Richmond County",680,4032,10587,1258,11411,1369,30.5,867,20759,207,65.94729997,30.54097018
New York,11211,1867,5269,3822,32274,"Bronx County, Kings County, New York County, Queens County, Richmond County",5896,10174,52701,1251,11211,24955,30.5,26791,102624,65618,51.34276582,18.19262551
New York,10029,1636,4097,20558,22127,"Bronx County, Kings County, New York County, Queens County, Richmond County",4696,9386,32257,1349,10029,38122,30.5,25526,79597,12310,51.47178914,20.55353845
New York,11432,1624,3512,9134,14790,"Bronx County, Kings County, New York County, Queens County, Richmond County",2984,7223,28606,2955,11432,15162,37,8662,62053,8027,56.59678017,26.17117625
New York,11370,1256,2688,4484,6019,"Bronx County, Kings County, New York County, Queens County, Richmond County",1466,2465,12290,1227,11370,12153,37,3335,32514,8236,82.67207972,38.62951344
New York,10026,595,1736,19796,15275,"Bronx County, Kings County, New York County, Queens County, Richmond County",2745,5688,19622,923,10026,8389,27.2,9804,39363,7744,44.1023296,15.11571781
New York,10471,556,1582,2276,4228,"Bronx County, Kings County, New York County, Queens County, Richmond County",829,4067,10020,254,10471,5003,28.2,1885,21896,12819,72.25063939,25.3927658
New York,10037,424,1201,14335,5997,"Bronx County, Kings County, New York County, Queens County, Richmond County",884,2608,8667,774,10037,4517,28.2,5249,21139,1247,56.81441885,20.05771323
New York,10025,1141,3770,9197,30756,"Bronx County, Kings County, New York County, Queens County, Richmond County",4220,14260,47943,1069,10025,21736,28.2,12890,92805,50675,40.62281127,12.2945962
New York,10305,1146,3221,2628,6508,"Bronx County, Kings County, New York County, Queens County, Richmond County",1682,5197,18589,1313,10305,6920,28.2,5365,42298,26370,76.15017258,27.0934796
New York,11693,301,713,2075,2629,"Bronx County, Kings County, New York County, Queens County, Richmond County",577,2055,6308,425,11693,3810,30.2,1796,12919,6065,55.19003019,23.29901695
New York,10314,2498,6876,3352,10915,"Bronx County, Kings County, New York County, Queens County, Richmond County",2810,12429,41148,3188,10314,13726,30.2,8558,90761,56696,75.75941208,27.5228347
New York,11691,2056,4246,29701,9899,"Bronx County, Kings County, New York County, Queens County, Richmond County",1760,9747,25755,2263,11691,17688,31.2,13848,67094,16075,63.28434733,30.64357469
New York,10032,1328,3264,8737,22367,"Bronx County, Kings County, New York County, Queens County, Richmond County",7129,9375,34416,2109,10032,42594,31.2,14585,64264,9038,50.79048923,20.66475787
New York,10307,360,1073,56,1278,"Bronx County, Kings County, New York County, Queens County, Richmond County",351,2083,6584,311,10307,1399,31.2,1075,15232,13293,70.44380252,23.63445378
New York,11210,1530,3630,38113,16634,"Bronx County, Kings County, New York County, Queens County, Richmond County",1740,12258,30843,2592,11210,4716,31.2,8288,67040,19773,54.14677804,22.8221957
New York,11362,289,803,150,2099,"Bronx County, Kings County, New York County, Queens County, Richmond County",729,2191,8874,682,11362,1659,31.2,1113,18721,8289,42.89300785,15.43720955
New York,10473,1780,4348,19922,11243,"Bronx County, Kings County, New York County, Queens County, Richmond County",1839,8538,22785,2530,10473,36265,31.2,15182,59609,1535,72.9420054,29.86126256
New York,10031,1162,2803,14291,25725,"Bronx County, Kings County, New York County, Queens County, Richmond County",7200,8158,33604,1203,10031,30955,32.4,13451,60254,10485,46.51973313,19.28502672
New York,11378,675,1741,531,8136,"Bronx County, Kings County, New York County, Queens County, Richmond County",1844,4073,17932,1173,11378,12007,32.4,3524,37279,20160,46.70189651,18.10670887
New York,11233,1154,2829,56546,23272,"Bronx County, Kings County, New York County, Queens County, Richmond County",2877,10334,33503,3015,11233,12276,34.4,21469,76819,5320,36.8268267,15.02232521
New York,11355,1143,2604,2306,15541,"Bronx County, Kings County, New York County, Queens County, Richmond County",6472,7349,36763,2801,11355,11943,44.4,18195,80853,6043,32.20659716,14.13676672
New York,11229,1430,3745,4267,19026,"Bronx County, Kings County, New York County, Queens County, Richmond County",3018,11776,37858,2644,11229,9039,32.9,12184,83615,49672,44.78861448,17.10219458
New York,11429,872,1767,20276,5471,"Bronx County, Kings County, New York County, Queens County, Richmond County",881,4922,13772,1665,11429,3405,32.9,2406,27403,434,64.48199102,31.82133343
New York,10462,2102,5292,19050,22821,"Bronx County, Kings County, New York County, Queens County, Richmond County",4134,11989,36847,3215,10462,36483,32.9,14872,76756,8909,68.94575017,27.38548127
New York,11235,1864,4573,1812,16814,"Bronx County, Kings County, New York County, Queens County, Richmond County",2520,12081,35557,3010,11235,6491,34.9,14999,78128,56160,58.53215237,23.85828384
New York,11223,1550,3947,2861,18914,"Bronx County, Kings County, New York County, Queens County, Richmond County",3522,9235,34827,2858,11223,13697,34.9,16552,81789,42631,48.25832325,18.95120371
New York,11213,1258,3040,42570,18688,"Bronx County, Kings County, New York County, Queens County, Richmond County",3180,10031,30066,2134,11213,7060,34.9,15449,66295,13651,45.85564522,18.97579003
New York,10468,2276,4978,12763,23846,"Bronx County, Kings County, New York County, Queens County, Richmond County",6187,9779,35074,2429,10468,59588,38.9,24945,78647,2323,63.29548489,28.93943825
New York,11204,1804,4670,851,16189,"Bronx County, Kings County, New York County, Queens County, Richmond County",3442,8677,31825,2476,11204,8396,40.9,17475,76978,41872,60.66668399,23.43526722
New York,11004,534,1028,1003,1391,"Bronx County, Kings County, New York County, Queens County, Richmond County",361,2325,7357,701,11004,1916,22.7,857,15234,5090,67.48063542,35.05317054
New York,10011,478,1606,2382,18205,"Bronx County, Kings County, New York County, Queens County, Richmond County",2571,5536,33579,426,10011,5704,23.7,5483,50472,36075,31.81962276,9.470597559
New York,10012,151,589,596,7464,"Bronx County, Kings County, New York County, Queens County, Richmond County",1404,3101,14756,130,10012,1494,25.7,2591,23411,16332,25.15911324,6.449959421
New York,10044,197,505,1296,4407,"Bronx County, Kings County, New York County, Queens County, Richmond County",256,1880,5339,142,10044,1553,28.7,1174,11682,4448,43.22889916,16.86355076
New York,11102,552,1469,2659,11990,"Bronx County, Kings County, New York County, Queens County, Richmond County",2752,3290,17604,901,11102,9472,29.7,5345,30800,13229,47.69480519,17.92207792
New York,11236,2474,5469,84496,26290,"Bronx County, Kings County, New York County, Queens County, Richmond County",2983,20690,48809,5336,11236,7166,30.7,12698,100331,4333,54.50957331,24.65838076
New York,11417,818,1887,1844,6930,"Bronx County, Kings County, New York County, Queens County, Richmond County",1410,3793,15023,1600,11417,12302,31.7,4521,31927,6244,59.10358004,25.62094779
New York,11221,1140,2939,36355,27701,"Bronx County, Kings County, New York County, Queens County, Richmond County",5769,10050,41283,2896,11221,28781,33.4,19276,83835,13793,35.05695712,13.5981392
New York,10470,419,1110,5714,3681,"Bronx County, Kings County, New York County, Queens County, Richmond County",643,2547,7454,428,10470,3255,33.4,1904,15432,5590,71.92846034,27.15137377
New York,11372,2302,4550,1465,20849,"Bronx County, Kings County, New York County, Queens County, Richmond County",5919,5329,32666,3398,11372,35600,35.4,7407,61844,11022,73.57221396,37.22268935
New York,11364,441,1279,770,6239,"Bronx County, Kings County, New York County, Queens County, Richmond County",1343,4543,18299,1254,11364,3526,33.9,3010,36806,12523,34.74976906,11.98174211
New York,10456,2262,5664,32331,22455,"Bronx County, Kings County, New York County, Queens County, Richmond County",3882,11666,34566,3211,10456,57971,33.9,35856,94218,1133,60.11590142,24.00815131
New York,11208,2094,4701,48148,25936,"Bronx County, Kings County, New York County, Queens County, Richmond County",3831,11757,39810,4726,11208,40756,35.9,25327,98660,2388,47.64848976,21.22440705
New York,10302,597,1422,3502,2170,"Bronx County, Kings County, New York County, Queens County, Richmond County",673,1997,7773,720,10302,7479,37.9,2973,18204,5681,78.11470007,32.79499011
New York,10460,1495,3562,15043,14245,"Bronx County, Kings County, New York County, Queens County, Richmond County",2652,7179,23220,2248,10460,41359,37.9,21567,59505,1539,59.86051592,25.12393916
New York,11423,993,2194,12083,7227,"Bronx County, Kings County, New York County, Queens County, Richmond County",1277,4979,16149,1722,11423,4455,32.3,2817,31400,2807,69.87261146,31.62420382
New York,11104,449,1195,321,10711,"Bronx County, Kings County, New York County, Queens County, Richmond County",2405,2696,15046,1064,11104,8210,32.3,3131,26119,11361,45.75213446,17.19055094
New York,11421,1100,2479,1210,11481,"Bronx County, Kings County, New York County, Queens County, Richmond County",2518,4531,20033,1847,11421,24042,34.3,4207,41002,6898,60.46046534,26.82795961
New York,11373,2958,6120,1646,32392,"Bronx County, Kings County, New York County, Queens County, Richmond County",9922,8653,48550,3523,11373,38896,38.3,14613,93967,6148,65.1292475,31.47913629
New York,10005,54,256,219,4209,"Bronx County, Kings County, New York County, Queens County, Richmond County",355,826,6762,27,10005,608,22.4,840,8831,6132,28.98878949,6.114822783
New York,10308,603,1922,310,3563,"Bronx County, Kings County, New York County, Queens County, Richmond County",810,4221,13831,950,10308,2888,24.4,1769,30186,25268,63.67190088,19.97614788
New York,11201,609,2274,7900,24294,"Bronx County, Kings County, New York County, Queens County, Richmond County",2497,7022,35976,521,11201,7267,24.4,7709,62823,36991,36.19693424,9.693901915
New York,11109,47,224,248,3476,"Bronx County, Kings County, New York County, Queens County, Richmond County",146,764,4272,41,11109,333,25.4,332,5981,3719,37.45193112,7.858217689
New York,10004,28,108,47,1122,"Bronx County, Kings County, New York County, Queens County, Richmond County",71,271,2076,28,10004,112,26.4,66,3028,1834,35.667107,9.247027741
New York,10001,321,1130,1289,7084,"Bronx County, Kings County, New York County, Queens County, Richmond County",1473,2141,14360,364,10001,3246,27.4,2912,22924,12182,49.29331705,14.00279183
New York,11375,1419,3711,1825,22768,"Bronx County, Kings County, New York County, Queens County, Richmond County",2249,9975,37540,1482,11375,11570,29.4,6624,73488,36724,50.4980405,19.30927498
New York,10464,115,415,83,529,"Bronx County, Kings County, New York County, Queens County, Richmond County",221,646,2411,44,10464,1117,29.4,359,4434,2966,93.59494813,25.93594948
New York,11374,992,2562,1657,12970,"Bronx County, Kings County, New York County, Queens County, Richmond County",1835,5753,22156,1539,11374,6947,32.8,5662,42653,18568,60.06611493,23.25744965
New York,11214,1386,3415,1143,24725,"Bronx County, Kings County, New York County, Queens County, Richmond County",4659,10940,43040,2999,11214,15273,32.8,16168,92946,39676,36.74176404,14.91188432
New York,11416,642,1381,1294,6736,"Bronx County, Kings County, New York County, Queens County, Richmond County",1507,2762,12683,1469,11416,12243,34.8,4125,27125,3448,50.9124424,23.66820276
New York,10040,999,2582,2181,14309,"Bronx County, Kings County, New York County, Queens County, Richmond County",3112,5785,21212,939,10040,30968,34.8,9557,44571,9352,57.9300442,22.41367705
New York,10472,1779,3838,16343,17009,"Bronx County, Kings County, New York County, Queens County, Richmond County",3987,6884,26346,1993,10472,44403,40.8,23421,68796,1795,55.78812722,25.85906157
New York,11369,1442,2852,5063,7730,"Bronx County, Kings County, New York County, Queens County, Richmond County",2465,3264,15418,1317,11369,21701,44.8,5189,34118,2747,83.5922387,42.26508002
New York,11377,1969,4714,1624,29426,"Bronx County, Kings County, New York County, Queens County, Richmond County",7360,7161,45313,5781,11377,32900,33.3,9683,86421,18107,54.54692725,22.78381412
New York,10306,1368,4139,1651,6824,"Bronx County, Kings County, New York County, Queens County, Richmond County",1720,7197,24890,2041,10306,7815,33.3,5191,53142,39656,77.88566482,25.74235068
New York,11418,982,2319,2460,9171,"Bronx County, Kings County, New York County, Queens County, Richmond County",2083,4018,18451,1909,11418,17603,33.3,5629,38517,6312,60.20718124,25.49523587
New York,11226,2006,4650,65421,34815,"Bronx County, Kings County, New York County, Queens County, Richmond County",5039,16838,48883,3438,11226,17145,33.3,17403,100277,12161,46.3715508,20.00458729
New York,11237,848,1911,3718,17933,"Bronx County, Kings County, New York County, Queens County, Richmond County",4422,4603,26374,1184,11237,31052,35.3,14680,49310,9791,38.75481647,17.19732306
New York,10455,1152,2755,10288,10604,"Bronx County, Kings County, New York County, Queens County, Richmond County",2948,4406,15827,1155,10455,30372,35.3,16515,42283,563,65.15620935,27.24499208
New York,11412,1165,2580,33065,7774,"Bronx County, Kings County, New York County, Queens County, Richmond County",1418,7210,19017,2190,11412,1909,37.3,3077,37458,286,68.8771424,31.10150035
New York,10303,793,1999,8543,4109,"Bronx County, Kings County, New York County, Queens County, Richmond County",1084,3158,10564,873,10303,10103,49.3,6542,25947,4581,77.04166185,30.56230007
New York,10013,234,887,1044,6955,"Bronx County, Kings County, New York County, Queens County, Richmond County",1594,2172,15686,289,10013,1728,24.9,3093,28709,15042,30.89623463,8.150754119
New York,10010,242,1171,1728,11437,"Bronx County, Kings County, New York County, Queens County, Richmond County",1183,4540,20602,293,10010,3703,25.9,3952,33730,21570,34.71686926,7.174621998
New York,11103,491,1379,684,15954,"Bronx County, Kings County, New York County, Queens County, Richmond County",3788,4393,22483,1106,11103,8204,28.9,4324,36140,20953,38.15716657,13.58605423
New York,10009,631,2105,4936,18573,"Bronx County, Kings County, New York County, Queens County, Richmond County",3109,6184,32075,905,10009,14347,28.9,13560,57925,29677,36.34009495,10.89339663
New York,11434,1871,4385,55870,13619,"Bronx County, Kings County, New York County, Queens County, Richmond County",2187,10926,30780,3837,11434,4955,28.9,7204,65791,1024,66.65045371,28.43854023
New York,11361,410,1129,982,4461,"Bronx County, Kings County, New York County, Queens County, Richmond County",1275,3554,13967,760,11361,3510,28.9,2343,27246,11384,41.4372752,15.04808045
New York,10027,912,2621,23723,17512,"Bronx County, Kings County, New York County, Queens County, Richmond County",2828,9884,27326,811,10027,16427,30.9,16555,64548,16194,40.60544091,14.12902026
New York,10002,931,2457,5249,17904,"Bronx County, Kings County, New York County, Queens County, Richmond County",5649,7630,33532,1408,10002,20390,30.9,20565,74993,16472,32.76305789,12.41449202
New York,10463,1751,4729,7980,18059,"Bronx County, Kings County, New York County, Queens County, Richmond County",4046,11291,33312,1345,10463,36472,31.9,11862,71360,22584,66.26961883,24.53755605
New York,11363,96,277,112,1224,"Bronx County, Kings County, New York County, Queens County, Richmond County",191,786,3488,214,11363,914,33.8,409,6952,3531,39.84464902,13.80897583
New York,11217,535,1481,7745,16401,"Bronx County, Kings County, New York County, Queens County, Richmond County",2226,5224,23164,472,11217,7671,24.1,5961,41407,21072,35.76689932,12.92052068
New York,10014,275,940,311,10796,"Bronx County, Kings County, New York County, Queens County, Richmond County",2287,2922,20523,212,10014,2047,25.1,1928,30738,25787,30.58103976,8.946580779
New York,10038,226,703,1558,6561,"Bronx County, Kings County, New York County, Queens County, Richmond County",1064,2013,12277,324,10038,3218,27.1,4125,22800,10249,30.83333333,9.912280702
New York,11222,402,1207,1345,15153,"Bronx County, Kings County, New York County, Queens County, Richmond County",2927,3568,23566,614,11222,5197,27.1,3850,36492,26794,33.07574263,11.01611312
New York,11360,293,904,149,2341,"Bronx County, Kings County, New York County, Queens County, Richmond County",497,2435,8998,403,11360,1918,27.1,1582,19621,10832,46.07308496,14.93297997
New York,10016,625,2425,1780,13710,"Bronx County, Kings County, New York County, Queens County, Richmond County",2018,5445,34555,341,10016,3543,28.1,4816,51057,33836,47.49593591,12.2412206
New York,10034,627,1903,2329,14644,"Bronx County, Kings County, New York County, Queens County, Richmond County",3581,5862,21864,980,10034,29925,29.1,8355,42910,8628,44.34863668,14.61197856
New York,11216,656,1937,30784,22563,"Bronx County, Kings County, New York County, Queens County, Richmond County",3394,8204,31847,1552,11216,6079,30.1,9737,56308,14656,34.40008525,11.65020956
New York,11413,1220,2721,38209,7534,"Bronx County, Kings County, New York County, Queens County, Richmond County",1506,7473,20836,2435,11413,2080,30.1,3329,42443,632,64.10951158,28.74443371
New York,11234,2095,4993,41699,18999,"Bronx County, Kings County, New York County, Queens County, Richmond County",3063,16431,44497,3819,11234,10023,31.1,7639,95666,35900,52.19200134,21.89910731
New York,11224,1033,2570,9636,9183,"Bronx County, Kings County, New York County, Queens County, Richmond County",1249,5610,16799,1533,11224,9516,32.2,12792,46707,23843,55.02387222,22.11659922
New York,11218,1548,3763,5637,20225,"Bronx County, Kings County, New York County, Queens County, Richmond County",3581,9915,33968,2188,11218,13089,32.2,14736,74508,39092,50.5046438,20.77629248
New York,11225,1068,2629,35980,22519,"Bronx County, Kings County, New York County, Queens County, Richmond County",2838,10293,31374,2128,11225,4913,32.2,10895,58882,14516,44.64861927,18.13797086
New York,11415,486,1208,967,5296,"Bronx County, Kings County, New York County, Queens County, Richmond County",876,2564,10344,918,11415,4833,32.2,2384,19372,9010,62.35804254,25.08775552
New York,10451,1478,3575,16912,12356,"Bronx County, Kings County, New York County, Queens County, Richmond County",2186,5940,18857,1722,10451,28236,34.2,16967,47798,1264,74.79392443,30.92179589
New York,10452,2100,5009,20567,20790,"Bronx County, Kings County, New York County, Queens County, Richmond County",4983,8832,30533,2214,10452,51823,40.2,28044,76078,1446,65.84032178,27.6032493
New York,10461,1760,4611,3862,10534,"Bronx County, Kings County, New York County, Queens County, Richmond County",3009,7661,23737,1784,10461,23466,32.7,7332,50348,16754,91.58258521,34.95670136
New York,10454,1036,2719,10753,9212,"Bronx County, Kings County, New York County, Queens County, Richmond County",2879,3261,13416,1020,10454,25956,34.7,17330,38203,888,71.17242101,27.11828914
New York,11358,514,1420,184,6919,"Bronx County, Kings County, New York County, Queens County, Richmond County",1916,4079,17968,1162,11358,6261,34.7,3660,37190,12476,38.18230707,13.8209196
New York,11368,4054,7588,9291,34317,"Bronx County, Kings County, New York County, Queens County, Richmond County",11218,7753,54370,3740,11368,84868,36.7,22387,112425,4409,67.49388481,36.05959529
New York,11419,1068,2371,7812,12010,"Bronx County, Kings County, New York County, Queens County, Richmond County",1903,6026,24072,3034,11419,9358,36.7,6642,49618,2136,47.785078,21.52444677
New York,10304,1298,3409,10335,6495,"Bronx County, Kings County, New York County, Queens County, Richmond County",1192,5081,16557,1194,10304,10363,38.7,8564,41064,15539,83.01675433,31.6091954
New York,11207,1869,4626,54049,25397,"Bronx County, Kings County, New York County, Queens County, Richmond County",2908,11569,38369,4304,11207,30605,38.7,26291,91972,3695,50.29791676,20.32140217
New York,10280,41,210,164,2905,"Bronx County, Kings County, New York County, Queens County, Richmond County",257,920,6099,108,10280,826,23.6,336,9384,6612,22.37851662,4.36913896
New York,10006,23,108,36,1455,"Bronx County, Kings County, New York County, Queens County, Richmond County",96,360,2647,51,10006,414,23.6,164,3454,2183,31.26809496,6.658946149
New York,10309,797,2418,193,3771,"Bronx County, Kings County, New York County, Queens County, Richmond County",812,4645,16124,1179,10309,3107,23.6,3089,33531,28515,72.11237362,23.76904954
New York,10003,414,1549,2961,16389,"Bronx County, Kings County, New York County, Queens County, Richmond County",3377,6300,32394,324,10003,4506,25.6,3812,54682,38521,28.32742036,7.571047145
New York,10312,1424,4209,749,6250,"Bronx County, Kings County, New York County, Queens County, Richmond County",1616,8874,28609,2047,10312,6234,28.6,3995,61741,50629,68.1718793,23.06409031
New York,11105,454,1437,791,13843,"Bronx County, Kings County, New York County, Queens County, Richmond County",3330,4883,22420,1390,11105,8212,28.6,3969,37382,22775,38.44096089,12.14488256
New York,10465,1419,4043,3915,6049,"Bronx County, Kings County, New York County, Queens County, Richmond County",2160,7106,20282,1381,10465,19568,28.6,5141,44205,18898,91.46024205,32.10044113
New York,11365,760,1972,3347,7755,"Bronx County, Kings County, New York County, Queens County, Richmond County",1994,4792,21162,1575,11365,8866,35.2,5330,44983,11388,43.83878354,16.89527155
New York,10458,1850,4574,14617,22094,"Bronx County, Kings County, New York County, Queens County, Richmond County",5013,10314,34515,2207,10458,58563,37.2,28518,83960,6995,54.47832301,22.03430205
New York,11428,625,1310,3834,3514,"Bronx County, Kings County, New York County, Queens County, Richmond County",702,2554,9222,1023,11428,4795,45.2,1597,18929,2095,69.20598024,33.01812034
New York,11427,718,1598,4737,4397,"Bronx County, Kings County, New York County, Queens County, Richmond County",924,3246,11220,1163,11427,4676,33.7,1987,24037,4762,66.48084204,29.87061613
New York,10469,2769,6281,38318,15119,"Bronx County, Kings County, New York County, Queens County, Richmond County",2472,12813,33851,3132,10469,21418,35.7,10753,73870,7907,85.02775146,37.48477054
New York,10310,685,1911,4387,3126,"Bronx County, Kings County, New York County, Queens County, Richmond County",690,3439,9976,620,10310,7351,37.7,4428,23262,9676,82.15114779,29.44716705
New York,11212,1633,4102,59207,17874,"Bronx County, Kings County, New York County, Queens County, Richmond County",2298,10512,27668,2495,11212,14266,39.7,26929,76527,907,53.60199668,21.33887386
New York,11436,483,1133,11991,4136,"Bronx County, Kings County, New York County, Queens County, Richmond County",643,2905,9986,1187,11436,2969,34.1,2213,20077,308,56.43273397,24.05737909
New York,11232,453,1001,1372,9217,"Bronx County, Kings County, New York County, Queens County, Richmond County",2422,2585,13447,672,11232,13974,34.1,5494,27602,6141,36.26548801,16.41185421
New York,10467,3061,7011,31584,26520,"Bronx County, Kings County, New York County, Queens County, Richmond County",5676,13470,43702,3139,10467,54286,38.1,28506,103732,9736,67.58762966,29.50873405
New York,10453,2135,5021,21817,19581,"Bronx County, Kings County, New York County, Queens County, Richmond County",3960,9632,30652,2779,10453,55051,40.1,32022,79606,941,63.07313519,26.81958646
New York,11215,558,2003,2636,27551,"Bronx County, Kings County, New York County, Queens County, Richmond County",4139,9827,41371,552,11215,11428,25.3,4957,70156,46961,28.55065853,7.953703176
New York,10065,303,1341,575,7035,"Bronx County, Kings County, New York County, Queens County, Richmond County",833,4298,16657,225,10065,1849,26.3,1922,28109,22684,47.70714006,10.77946565
New York,10028,442,1766,392,18980,"Bronx County, Kings County, New York County, Queens County, Richmond County",1886,6303,30805,434,10028,3533,26.3,2403,47793,38688,36.95101793,9.248216266
New York,10017,130,598,354,4243,"Bronx County, Kings County, New York County, Queens County, Richmond County",465,1415,10959,238,10017,932,27.3,975,15801,10825,37.84570597,8.227327384
New York,11385,1961,4708,1710,32033,"Bronx County, Kings County, New York County, Queens County, Richmond County",7175,11989,55079,4161,11385,47246,28.3,12045,106717,49227,44.11668244,18.37570396
New York,10036,377,1240,1726,9009,"Bronx County, Kings County, New York County, Queens County, Richmond County",2316,2686,19172,502,10036,5908,28.3,4183,27428,14100,45.20927519,13.74507802
New York,11106,590,1604,2296,15351,"Bronx County, Kings County, New York County, Queens County, Richmond County",3429,4237,22211,1315,11106,10844,28.3,5147,38363,15779,41.81112009,15.37940203
New York,10039,460,1290,15274,8892,"Bronx County, Kings County, New York County, Queens County, Richmond County",1682,3262,12001,773,10039,9378,30.3,7148,27726,1872,46.52672582,16.59092549
New York,11206,1395,3791,18491,24245,"Bronx County, Kings County, New York County, Queens County, Richmond County",5319,8550,37136,1862,11206,32797,31.3,32154,88349,29534,42.90937079,15.7896524
New York,10030,445,1244,17098,9919,"Bronx County, Kings County, New York County, Queens County, Richmond County",2042,3392,14041,990,10030,7655,31.3,8777,29882,3217,41.63041296,14.89190817
New York,11426,478,1105,1278,2697,"Bronx County, Kings County, New York County, Queens County, Richmond County",925,2932,10485,1288,11426,3938,32.6,1564,20801,5834,53.12244604,22.97966444
New York,11357,756,1958,187,4648,"Bronx County, Kings County, New York County, Queens County, Richmond County",1529,4361,18392,1053,11357,6240,32.6,2358,39902,23849,49.07022204,18.94641873
New York,11433,851,1957,22628,7687,"Bronx County, Kings County, New York County, Queens County, Richmond County",1688,4571,15739,1954,11433,6893,34.6,6206,36489,600,53.63260161,23.32209707
New York,11356,505,1214,355,3259,"Bronx County, Kings County, New York County, Queens County, Richmond County",1083,2011,10808,1014,11356,9417,38.6,2856,23362,6189,51.96472905,21.61629997
New York,10457,1896,4641,21964,17778,"Bronx County, Kings County, New York County, Queens County, Richmond County",3792,8236,27939,2163,10457,49630,40.6,27750,74554,1052,62.25018108,25.43123105
New York,11219,2621,7272,815,12862,"Bronx County, Kings County, New York County, Queens County, Richmond County",4655,9386,33221,1585,11219,10913,48.6,31731,90036,55723,80.76769292,29.11057799
New York,11367,942,2442,3075,7447,"Bronx County, Kings County, New York County, Queens County, Richmond County",1812,6259,18523,1167,11367,7466,33.1,5806,41824,19408,58.38752869,22.52295333
New York,10459,1372,3100,13962,11696,"Bronx County, Kings County, New York County, Queens County, Richmond County",2501,5955,18237,1191,10459,32830,37.1,16462,48351,791,64.11449608,28.37583504
New York,10128,587,2430,1766,22924,"Bronx County, Kings County, New York County, Queens County, Richmond County",2055,8429,35808,850,10128,7307,25.8,3686,59256,42129,41.00850547,9.906169839
New York,10019,547,1832,2331,12865,"Bronx County, Kings County, New York County, Queens County, Richmond County",3199,4351,28937,292,10019,7328,25.8,5342,43703,24786,41.91931904,12.51630323
New York,10021,513,2067,270,11493,"Bronx County, Kings County, New York County, Queens County, Richmond County",1600,6618,26342,165,10021,3664,26.8,2185,46215,36643,44.7257384,11.10029211
New York,10475,1604,4166,24539,10717,"Bronx County, Kings County, New York County, Queens County, Richmond County",1180,8203,19869,1058,10475,12542,26.8,4411,43208,3419,96.41733012,37.12275505
New York,11238,692,1887,19319,22691,"Bronx County, Kings County, New York County, Queens County, Richmond County",3099,7851,32374,963,11238,5947,26.8,7014,54540,23185,34.59845985,12.68793546
New York,11209,1045,3085,1833,19422,"Bronx County, Kings County, New York County, Queens County, Richmond County",3237,9230,34474,1562,11209,11441,28.8,8978,67809,43770,45.49543571,15.41093365
New York,11422,905,2083,26471,5463,"Bronx County, Kings County, New York County, Queens County, Richmond County",940,6308,16701,2064,11422,3070,29.8,2320,32082,1053,64.92737361,28.20896453
New York,11694,649,1596,1283,2239,"Bronx County, Kings County, New York County, Queens County, Richmond County",517,3471,9447,585,11694,3183,29.8,2009,21354,15589,74.74009553,30.39243233
New York,10033,1186,2868,2448,19958,"Bronx County, Kings County, New York County, Queens County, Richmond County",4652,8576,30019,1252,10033,40842,29.8,11496,59607,14090,48.11515426,19.89699196
New York,11205,654,2062,13586,12578,"Bronx County, Kings County, New York County, Queens County, Richmond County",2663,5163,21369,1206,11205,8153,30.8,12957,46064,19470,44.76380688,14.19763807
New York,11366,359,863,713,2510,"Bronx County, Kings County, New York County, Queens County, Richmond County",787,1760,6681,336,11366,1298,33.6,1742,14650,5707,58.90784983,24.50511945
New York,11228,589,1579,396,9496,"Bronx County, Kings County, New York County, Queens County, Richmond County",1998,5662,20576,1419,11228,5838,35.6,6165,44994,22126,35.09356803,13.09063431
New York,11420,1250,2856,11167,9589,"Bronx County, Kings County, New York County, Queens County, Richmond County",1788,5347,23670,3037,11420,11660,37.6,5825,48489,2367,58.89995669,25.77904267
New York,11354,1000,2232,1670,10442,"Bronx County, Kings County, New York County, Queens County, Richmond County",4212,5030,25230,1547,11354,8803,45.6,10670,55200,9060,40.43478261,18.11594203
